--------------------------------------------------------
--  File created - Saturday-December-09-2017   
--------------------------------------------------------
--------------------------------------------------------
--  DDL for Table AR_INTERNAL_METADATA
--------------------------------------------------------

  CREATE TABLE "RUBY"."AR_INTERNAL_METADATA" 
   (	"KEY" VARCHAR2(255 CHAR), 
	"VALUE" VARCHAR2(255 CHAR), 
	"CREATED_AT" TIMESTAMP (6), 
	"UPDATED_AT" TIMESTAMP (6)
   ) SEGMENT CREATION IMMEDIATE 
  PCTFREE 10 PCTUSED 40 INITRANS 1 MAXTRANS 255 
 NOCOMPRESS LOGGING
  STORAGE(INITIAL 65536 NEXT 1048576 MINEXTENTS 1 MAXEXTENTS 2147483645
  PCTINCREASE 0 FREELISTS 1 FREELIST GROUPS 1
  BUFFER_POOL DEFAULT FLASH_CACHE DEFAULT CELL_FLASH_CACHE DEFAULT)
  TABLESPACE "USERS" ;
--------------------------------------------------------
--  DDL for Table ERP_DEPARTMENTS
--------------------------------------------------------

  CREATE TABLE "RUBY"."ERP_DEPARTMENTS" 
   (	"ID" NUMBER(38,0), 
	"NAME" VARCHAR2(255 CHAR), 
	"DESCRIPTION" CLOB, 
	"MANAGER_ID" NUMBER(19,0), 
	"CREATED_AT" TIMESTAMP (6), 
	"UPDATED_AT" TIMESTAMP (6)
   ) SEGMENT CREATION IMMEDIATE 
  PCTFREE 10 PCTUSED 40 INITRANS 1 MAXTRANS 255 
 NOCOMPRESS LOGGING
  STORAGE(INITIAL 65536 NEXT 1048576 MINEXTENTS 1 MAXEXTENTS 2147483645
  PCTINCREASE 0 FREELISTS 1 FREELIST GROUPS 1
  BUFFER_POOL DEFAULT FLASH_CACHE DEFAULT CELL_FLASH_CACHE DEFAULT)
  TABLESPACE "USERS" 
 LOB ("DESCRIPTION") STORE AS SECUREFILE (
  TABLESPACE "USERS" ENABLE STORAGE IN ROW CHUNK 8192
  NOCACHE LOGGING  NOCOMPRESS  KEEP_DUPLICATES 
  STORAGE(INITIAL 106496 NEXT 1048576 MINEXTENTS 1 MAXEXTENTS 2147483645
  PCTINCREASE 0
  BUFFER_POOL DEFAULT FLASH_CACHE DEFAULT CELL_FLASH_CACHE DEFAULT)) ;
--------------------------------------------------------
--  DDL for Table ERP_EDITOR_UPLOADS
--------------------------------------------------------

  CREATE TABLE "RUBY"."ERP_EDITOR_UPLOADS" 
   (	"ID" NUMBER(38,0), 
	"IMAGE_URL" VARCHAR2(255 CHAR), 
	"CREATED_AT" TIMESTAMP (6), 
	"UPDATED_AT" TIMESTAMP (6)
   ) SEGMENT CREATION DEFERRED 
  PCTFREE 10 PCTUSED 40 INITRANS 1 MAXTRANS 255 
 NOCOMPRESS LOGGING
  TABLESPACE "USERS" ;
--------------------------------------------------------
--  DDL for Table ERP_EMPLOYEES
--------------------------------------------------------

  CREATE TABLE "RUBY"."ERP_EMPLOYEES" 
   (	"ID" NUMBER(38,0), 
	"CODE" VARCHAR2(255 CHAR), 
	"BIRTHDATE" TIMESTAMP (6), 
	"SALARY" NUMBER(*,0), 
	"TAX_CODE" VARCHAR2(255 CHAR), 
	"PHONE" VARCHAR2(255 CHAR), 
	"ADDRESS" VARCHAR2(255 CHAR), 
	"CREATED_AT" TIMESTAMP (6), 
	"UPDATED_AT" TIMESTAMP (6)
   ) SEGMENT CREATION IMMEDIATE 
  PCTFREE 10 PCTUSED 40 INITRANS 1 MAXTRANS 255 
 NOCOMPRESS LOGGING
  STORAGE(INITIAL 65536 NEXT 1048576 MINEXTENTS 1 MAXEXTENTS 2147483645
  PCTINCREASE 0 FREELISTS 1 FREELIST GROUPS 1
  BUFFER_POOL DEFAULT FLASH_CACHE DEFAULT CELL_FLASH_CACHE DEFAULT)
  TABLESPACE "USERS" ;
--------------------------------------------------------
--  DDL for Table ERP_USERS
--------------------------------------------------------

  CREATE TABLE "RUBY"."ERP_USERS" 
   (	"ID" NUMBER(38,0), 
	"EMAIL" VARCHAR2(255 CHAR) DEFAULT '', 
	"ENCRYPTED_PASSWORD" VARCHAR2(255 CHAR) DEFAULT '', 
	"RESET_PASSWORD_TOKEN" VARCHAR2(255 CHAR), 
	"RESET_PASSWORD_SENT_AT" TIMESTAMP (6), 
	"REMEMBER_CREATED_AT" TIMESTAMP (6), 
	"SIGN_IN_COUNT" NUMBER(38,0) DEFAULT 0, 
	"CURRENT_SIGN_IN_AT" TIMESTAMP (6), 
	"LAST_SIGN_IN_AT" TIMESTAMP (6), 
	"CURRENT_SIGN_IN_IP" VARCHAR2(255 CHAR), 
	"LAST_SIGN_IN_IP" VARCHAR2(255 CHAR), 
	"PROVIDER" VARCHAR2(255 CHAR), 
	"UID" VARCHAR2(255 CHAR), 
	"BACKEND_ACCESS" NUMBER(1,0) DEFAULT 1, 
	"PERMISSIONS" CLOB, 
	"NAME" VARCHAR2(255 CHAR), 
	"AVATAR" VARCHAR2(255 CHAR), 
	"TIMEZONE" VARCHAR2(255 CHAR), 
	"ACTIVE" NUMBER(1,0) DEFAULT 1, 
	"EMPLOYEE_ID" NUMBER(38,0), 
	"CREATOR_ID" NUMBER(38,0), 
	"USER_GROUP_ID" NUMBER(38,0), 
	"DEPARTMENT_ID" NUMBER(38,0), 
	"CREATED_AT" TIMESTAMP (6), 
	"UPDATED_AT" TIMESTAMP (6), 
	"CONFIRMATION_TOKEN" VARCHAR2(255 CHAR), 
	"CONFIRMED_AT" TIMESTAMP (6) DEFAULT CURRENT_TIMESTAMP, 
	"CONFIRMATION_SENT_AT" TIMESTAMP (6)
   ) SEGMENT CREATION IMMEDIATE 
  PCTFREE 10 PCTUSED 40 INITRANS 1 MAXTRANS 255 
 NOCOMPRESS LOGGING
  STORAGE(INITIAL 65536 NEXT 1048576 MINEXTENTS 1 MAXEXTENTS 2147483645
  PCTINCREASE 0 FREELISTS 1 FREELIST GROUPS 1
  BUFFER_POOL DEFAULT FLASH_CACHE DEFAULT CELL_FLASH_CACHE DEFAULT)
  TABLESPACE "USERS" 
 LOB ("PERMISSIONS") STORE AS SECUREFILE (
  TABLESPACE "USERS" ENABLE STORAGE IN ROW CHUNK 8192
  NOCACHE LOGGING  NOCOMPRESS  KEEP_DUPLICATES 
  STORAGE(INITIAL 106496 NEXT 1048576 MINEXTENTS 1 MAXEXTENTS 2147483645
  PCTINCREASE 0
  BUFFER_POOL DEFAULT FLASH_CACHE DEFAULT CELL_FLASH_CACHE DEFAULT)) ;
--------------------------------------------------------
--  DDL for Table ERP_USER_GROUPS
--------------------------------------------------------

  CREATE TABLE "RUBY"."ERP_USER_GROUPS" 
   (	"ID" NUMBER(38,0), 
	"NAME" VARCHAR2(255 CHAR), 
	"DESCRIPTION" CLOB, 
	"PERMISSIONS" CLOB, 
	"CREATED_AT" TIMESTAMP (6), 
	"UPDATED_AT" TIMESTAMP (6)
   ) SEGMENT CREATION IMMEDIATE 
  PCTFREE 10 PCTUSED 40 INITRANS 1 MAXTRANS 255 
 NOCOMPRESS LOGGING
  STORAGE(INITIAL 65536 NEXT 1048576 MINEXTENTS 1 MAXEXTENTS 2147483645
  PCTINCREASE 0 FREELISTS 1 FREELIST GROUPS 1
  BUFFER_POOL DEFAULT FLASH_CACHE DEFAULT CELL_FLASH_CACHE DEFAULT)
  TABLESPACE "USERS" 
 LOB ("DESCRIPTION") STORE AS SECUREFILE (
  TABLESPACE "USERS" ENABLE STORAGE IN ROW CHUNK 8192
  NOCACHE LOGGING  NOCOMPRESS  KEEP_DUPLICATES 
  STORAGE(INITIAL 106496 NEXT 1048576 MINEXTENTS 1 MAXEXTENTS 2147483645
  PCTINCREASE 0
  BUFFER_POOL DEFAULT FLASH_CACHE DEFAULT CELL_FLASH_CACHE DEFAULT)) 
 LOB ("PERMISSIONS") STORE AS SECUREFILE (
  TABLESPACE "USERS" ENABLE STORAGE IN ROW CHUNK 8192
  NOCACHE LOGGING  NOCOMPRESS  KEEP_DUPLICATES 
  STORAGE(INITIAL 106496 NEXT 1048576 MINEXTENTS 1 MAXEXTENTS 2147483645
  PCTINCREASE 0
  BUFFER_POOL DEFAULT FLASH_CACHE DEFAULT CELL_FLASH_CACHE DEFAULT)) ;
--------------------------------------------------------
--  DDL for Table SCHEMA_MIGRATIONS
--------------------------------------------------------

  CREATE TABLE "RUBY"."SCHEMA_MIGRATIONS" 
   (	"VERSION" VARCHAR2(255 CHAR)
   ) SEGMENT CREATION IMMEDIATE 
  PCTFREE 10 PCTUSED 40 INITRANS 1 MAXTRANS 255 
 NOCOMPRESS LOGGING
  STORAGE(INITIAL 65536 NEXT 1048576 MINEXTENTS 1 MAXEXTENTS 2147483645
  PCTINCREASE 0 FREELISTS 1 FREELIST GROUPS 1
  BUFFER_POOL DEFAULT FLASH_CACHE DEFAULT CELL_FLASH_CACHE DEFAULT)
  TABLESPACE "USERS" ;
--------------------------------------------------------
--  DDL for Sequence ERP_DEPARTMENTS_SEQ
--------------------------------------------------------

   CREATE SEQUENCE  "RUBY"."ERP_DEPARTMENTS_SEQ"  MINVALUE 1 MAXVALUE 9999999999999999999999999999 INCREMENT BY 1 START WITH 10080 CACHE 20 NOORDER  NOCYCLE  NOKEEP  NOSCALE  GLOBAL ;
--------------------------------------------------------
--  DDL for Sequence ERP_EDITOR_UPLOADS_SEQ
--------------------------------------------------------

   CREATE SEQUENCE  "RUBY"."ERP_EDITOR_UPLOADS_SEQ"  MINVALUE 1 MAXVALUE 9999999999999999999999999999 INCREMENT BY 1 START WITH 10000 CACHE 20 NOORDER  NOCYCLE  NOKEEP  NOSCALE  GLOBAL ;
--------------------------------------------------------
--  DDL for Sequence ERP_EMPLOYEES_SEQ
--------------------------------------------------------

   CREATE SEQUENCE  "RUBY"."ERP_EMPLOYEES_SEQ"  MINVALUE 1 MAXVALUE 9999999999999999999999999999 INCREMENT BY 1 START WITH 10220 CACHE 20 NOORDER  NOCYCLE  NOKEEP  NOSCALE  GLOBAL ;
--------------------------------------------------------
--  DDL for Sequence ERP_USERS_SEQ
--------------------------------------------------------

   CREATE SEQUENCE  "RUBY"."ERP_USERS_SEQ"  MINVALUE 1 MAXVALUE 9999999999999999999999999999 INCREMENT BY 1 START WITH 10020 CACHE 20 NOORDER  NOCYCLE  NOKEEP  NOSCALE  GLOBAL ;
--------------------------------------------------------
--  DDL for Sequence ERP_USER_GROUPS_SEQ
--------------------------------------------------------

   CREATE SEQUENCE  "RUBY"."ERP_USER_GROUPS_SEQ"  MINVALUE 1 MAXVALUE 9999999999999999999999999999 INCREMENT BY 1 START WITH 10080 CACHE 20 NOORDER  NOCYCLE  NOKEEP  NOSCALE  GLOBAL ;
REM INSERTING into RUBY.AR_INTERNAL_METADATA
SET DEFINE OFF;
Insert into RUBY.AR_INTERNAL_METADATA (KEY,VALUE,CREATED_AT,UPDATED_AT) values ('environment','development',to_timestamp('09-DEC-17 05.25.17.118718000 AM','DD-MON-RR HH.MI.SSXFF AM'),to_timestamp('09-DEC-17 05.25.17.118718000 AM','DD-MON-RR HH.MI.SSXFF AM'));
REM INSERTING into RUBY.ERP_DEPARTMENTS
SET DEFINE OFF;
Insert into RUBY.ERP_DEPARTMENTS (ID,NAME,MANAGER_ID,CREATED_AT,UPDATED_AT) values (10068,'Phòng qu?n lý',10000,to_timestamp('09-DEC-17 06.29.12.004181000 AM','DD-MON-RR HH.MI.SSXFF AM'),to_timestamp('09-DEC-17 06.37.27.706788000 AM','DD-MON-RR HH.MI.SSXFF AM'));
Insert into RUBY.ERP_DEPARTMENTS (ID,NAME,MANAGER_ID,CREATED_AT,UPDATED_AT) values (10069,'Phòng kinh doanh',10009,to_timestamp('09-DEC-17 06.29.12.010912000 AM','DD-MON-RR HH.MI.SSXFF AM'),to_timestamp('09-DEC-17 06.38.00.038845000 AM','DD-MON-RR HH.MI.SSXFF AM'));
Insert into RUBY.ERP_DEPARTMENTS (ID,NAME,MANAGER_ID,CREATED_AT,UPDATED_AT) values (10070,'Phòng k? thu?t',10014,to_timestamp('09-DEC-17 06.29.12.017622000 AM','DD-MON-RR HH.MI.SSXFF AM'),to_timestamp('09-DEC-17 06.40.59.462868000 AM','DD-MON-RR HH.MI.SSXFF AM'));
Insert into RUBY.ERP_DEPARTMENTS (ID,NAME,MANAGER_ID,CREATED_AT,UPDATED_AT) values (10071,'Phòng k? ho?ch',10016,to_timestamp('09-DEC-17 06.29.12.024777000 AM','DD-MON-RR HH.MI.SSXFF AM'),to_timestamp('09-DEC-17 06.43.14.533066000 AM','DD-MON-RR HH.MI.SSXFF AM'));
Insert into RUBY.ERP_DEPARTMENTS (ID,NAME,MANAGER_ID,CREATED_AT,UPDATED_AT) values (10072,'Phòng nhân s?',10004,to_timestamp('09-DEC-17 06.29.12.030651000 AM','DD-MON-RR HH.MI.SSXFF AM'),to_timestamp('09-DEC-17 06.41.39.238066000 AM','DD-MON-RR HH.MI.SSXFF AM'));
Insert into RUBY.ERP_DEPARTMENTS (ID,NAME,MANAGER_ID,CREATED_AT,UPDATED_AT) values (10073,'Phòng k? toán',10001,to_timestamp('09-DEC-17 06.29.12.037901000 AM','DD-MON-RR HH.MI.SSXFF AM'),to_timestamp('09-DEC-17 06.41.29.722065000 AM','DD-MON-RR HH.MI.SSXFF AM'));
REM INSERTING into RUBY.ERP_EDITOR_UPLOADS
SET DEFINE OFF;
REM INSERTING into RUBY.ERP_EMPLOYEES
SET DEFINE OFF;
Insert into RUBY.ERP_EMPLOYEES (ID,CODE,BIRTHDATE,SALARY,TAX_CODE,PHONE,ADDRESS,CREATED_AT,UPDATED_AT) values (10182,'QL0001',to_timestamp('07-NOV-94 05.00.00.000000000 PM','DD-MON-RR HH.MI.SSXFF AM'),2000000,'1112223334','099 9999 999','Gò V?p, TP. H? Chí Minh',to_timestamp('09-DEC-17 06.29.12.137593000 AM','DD-MON-RR HH.MI.SSXFF AM'),to_timestamp('09-DEC-17 06.29.12.137593000 AM','DD-MON-RR HH.MI.SSXFF AM'));
Insert into RUBY.ERP_EMPLOYEES (ID,CODE,BIRTHDATE,SALARY,TAX_CODE,PHONE,ADDRESS,CREATED_AT,UPDATED_AT) values (10183,'KD0001',to_timestamp('07-NOV-95 05.00.00.000000000 PM','DD-MON-RR HH.MI.SSXFF AM'),5000000,'1112223331','099 9999 911','Qu?n 12, TP. H? Chí Minh',to_timestamp('09-DEC-17 06.29.12.143328000 AM','DD-MON-RR HH.MI.SSXFF AM'),to_timestamp('09-DEC-17 06.29.12.143328000 AM','DD-MON-RR HH.MI.SSXFF AM'));
Insert into RUBY.ERP_EMPLOYEES (ID,CODE,BIRTHDATE,SALARY,TAX_CODE,PHONE,ADDRESS,CREATED_AT,UPDATED_AT) values (10184,'KD0002',to_timestamp('07-NOV-96 05.00.00.000000000 PM','DD-MON-RR HH.MI.SSXFF AM'),5000000,'1112223332','099 9999 922','Qu?n 8, TP. H? Chí Minh',to_timestamp('09-DEC-17 06.29.12.147591000 AM','DD-MON-RR HH.MI.SSXFF AM'),to_timestamp('09-DEC-17 06.29.12.147591000 AM','DD-MON-RR HH.MI.SSXFF AM'));
Insert into RUBY.ERP_EMPLOYEES (ID,CODE,BIRTHDATE,SALARY,TAX_CODE,PHONE,ADDRESS,CREATED_AT,UPDATED_AT) values (10185,'KD0003',to_timestamp('07-NOV-97 05.00.00.000000000 PM','DD-MON-RR HH.MI.SSXFF AM'),5000000,'1112223333','099 9999 944','Gò V?p, TP. H? Chí Minh',to_timestamp('09-DEC-17 06.29.12.155532000 AM','DD-MON-RR HH.MI.SSXFF AM'),to_timestamp('09-DEC-17 06.29.12.155532000 AM','DD-MON-RR HH.MI.SSXFF AM'));
Insert into RUBY.ERP_EMPLOYEES (ID,CODE,BIRTHDATE,SALARY,TAX_CODE,PHONE,ADDRESS,CREATED_AT,UPDATED_AT) values (10186,'KD0004',to_timestamp('07-NOV-93 05.00.00.000000000 PM','DD-MON-RR HH.MI.SSXFF AM'),5000000,'1112223335','099 9999 933','Qu?n 10, TP. H? Chí Minh',to_timestamp('09-DEC-17 06.29.12.162378000 AM','DD-MON-RR HH.MI.SSXFF AM'),to_timestamp('09-DEC-17 06.29.12.162378000 AM','DD-MON-RR HH.MI.SSXFF AM'));
Insert into RUBY.ERP_EMPLOYEES (ID,CODE,BIRTHDATE,SALARY,TAX_CODE,PHONE,ADDRESS,CREATED_AT,UPDATED_AT) values (10187,'KD0005',to_timestamp('07-NOV-92 05.00.00.000000000 PM','DD-MON-RR HH.MI.SSXFF AM'),5000000,'1112223336','099 9999 944','Qu?n 4, TP. H? Chí Minh',to_timestamp('09-DEC-17 06.29.12.170081000 AM','DD-MON-RR HH.MI.SSXFF AM'),to_timestamp('09-DEC-17 06.29.12.170081000 AM','DD-MON-RR HH.MI.SSXFF AM'));
Insert into RUBY.ERP_EMPLOYEES (ID,CODE,BIRTHDATE,SALARY,TAX_CODE,PHONE,ADDRESS,CREATED_AT,UPDATED_AT) values (10188,'KT0001',to_timestamp('07-NOV-91 05.00.00.000000000 PM','DD-MON-RR HH.MI.SSXFF AM'),8000000,'1112223320','099 9999 811','Qu?n 8, TP. H? Chí Minh',to_timestamp('09-DEC-17 06.29.12.177226000 AM','DD-MON-RR HH.MI.SSXFF AM'),to_timestamp('09-DEC-17 06.29.12.177226000 AM','DD-MON-RR HH.MI.SSXFF AM'));
Insert into RUBY.ERP_EMPLOYEES (ID,CODE,BIRTHDATE,SALARY,TAX_CODE,PHONE,ADDRESS,CREATED_AT,UPDATED_AT) values (10189,'KT0002',to_timestamp('07-NOV-90 05.00.00.000000000 PM','DD-MON-RR HH.MI.SSXFF AM'),8000000,'1112223321','099 9999 822','Qu?n 12, TP. H? Chí Minh',to_timestamp('09-DEC-17 06.29.12.183827000 AM','DD-MON-RR HH.MI.SSXFF AM'),to_timestamp('09-DEC-17 06.29.12.183827000 AM','DD-MON-RR HH.MI.SSXFF AM'));
Insert into RUBY.ERP_EMPLOYEES (ID,CODE,BIRTHDATE,SALARY,TAX_CODE,PHONE,ADDRESS,CREATED_AT,UPDATED_AT) values (10190,'KT0003',to_timestamp('07-NOV-96 05.00.00.000000000 PM','DD-MON-RR HH.MI.SSXFF AM'),8000000,'1112223322','099 9999 833','Gò V?p, TP. H? Chí Minh',to_timestamp('09-DEC-17 06.29.12.190347000 AM','DD-MON-RR HH.MI.SSXFF AM'),to_timestamp('09-DEC-17 06.29.12.190347000 AM','DD-MON-RR HH.MI.SSXFF AM'));
Insert into RUBY.ERP_EMPLOYEES (ID,CODE,BIRTHDATE,SALARY,TAX_CODE,PHONE,ADDRESS,CREATED_AT,UPDATED_AT) values (10191,'KT0004',to_timestamp('07-NOV-92 05.00.00.000000000 PM','DD-MON-RR HH.MI.SSXFF AM'),8000000,'1112223323','099 9999 844','Qu?n 7, TP. H? Chí Minh',to_timestamp('09-DEC-17 06.29.12.196624000 AM','DD-MON-RR HH.MI.SSXFF AM'),to_timestamp('09-DEC-17 06.29.12.196624000 AM','DD-MON-RR HH.MI.SSXFF AM'));
Insert into RUBY.ERP_EMPLOYEES (ID,CODE,BIRTHDATE,SALARY,TAX_CODE,PHONE,ADDRESS,CREATED_AT,UPDATED_AT) values (10192,'KT0005',to_timestamp('07-NOV-98 05.00.00.000000000 PM','DD-MON-RR HH.MI.SSXFF AM'),8000000,'1112223324','099 9999 855','Gò V?p, TP. H? Chí Minh',to_timestamp('09-DEC-17 06.29.12.202643000 AM','DD-MON-RR HH.MI.SSXFF AM'),to_timestamp('09-DEC-17 06.29.12.202643000 AM','DD-MON-RR HH.MI.SSXFF AM'));
Insert into RUBY.ERP_EMPLOYEES (ID,CODE,BIRTHDATE,SALARY,TAX_CODE,PHONE,ADDRESS,CREATED_AT,UPDATED_AT) values (10193,'KH0001',to_timestamp('05-JAN-91 05.00.00.000000000 PM','DD-MON-RR HH.MI.SSXFF AM'),7000000,'1112223341','099 9999 799','Gò V?p, TP. H? Chí Minh',to_timestamp('09-DEC-17 06.29.12.209029000 AM','DD-MON-RR HH.MI.SSXFF AM'),to_timestamp('09-DEC-17 06.29.12.209029000 AM','DD-MON-RR HH.MI.SSXFF AM'));
Insert into RUBY.ERP_EMPLOYEES (ID,CODE,BIRTHDATE,SALARY,TAX_CODE,PHONE,ADDRESS,CREATED_AT,UPDATED_AT) values (10194,'KH0002',to_timestamp('06-FEB-90 05.00.00.000000000 PM','DD-MON-RR HH.MI.SSXFF AM'),7000000,'1112223342','099 9999 788','C? Chi, TP. H? Chí Minh',to_timestamp('09-DEC-17 06.29.12.214990000 AM','DD-MON-RR HH.MI.SSXFF AM'),to_timestamp('09-DEC-17 06.29.12.214990000 AM','DD-MON-RR HH.MI.SSXFF AM'));
Insert into RUBY.ERP_EMPLOYEES (ID,CODE,BIRTHDATE,SALARY,TAX_CODE,PHONE,ADDRESS,CREATED_AT,UPDATED_AT) values (10195,'KH0003',to_timestamp('07-MAR-94 05.00.00.000000000 PM','DD-MON-RR HH.MI.SSXFF AM'),7000000,'1112223343','099 9999 777','Gò V?p, TP. H? Chí Minh',to_timestamp('09-DEC-17 06.29.12.221655000 AM','DD-MON-RR HH.MI.SSXFF AM'),to_timestamp('09-DEC-17 06.29.12.221655000 AM','DD-MON-RR HH.MI.SSXFF AM'));
Insert into RUBY.ERP_EMPLOYEES (ID,CODE,BIRTHDATE,SALARY,TAX_CODE,PHONE,ADDRESS,CREATED_AT,UPDATED_AT) values (10196,'KH0004',to_timestamp('08-APR-93 05.00.00.000000000 PM','DD-MON-RR HH.MI.SSXFF AM'),7000000,'1112223344','099 9999 766','Bình Tân, TP. H? Chí Minh',to_timestamp('09-DEC-17 06.29.12.227947000 AM','DD-MON-RR HH.MI.SSXFF AM'),to_timestamp('09-DEC-17 06.29.12.227947000 AM','DD-MON-RR HH.MI.SSXFF AM'));
Insert into RUBY.ERP_EMPLOYEES (ID,CODE,BIRTHDATE,SALARY,TAX_CODE,PHONE,ADDRESS,CREATED_AT,UPDATED_AT) values (10197,'KH0005',to_timestamp('19-MAY-92 05.00.00.000000000 PM','DD-MON-RR HH.MI.SSXFF AM'),7000000,'1112223345','099 9999 755','Qu?n 12, TP. H? Chí Minh',to_timestamp('09-DEC-17 06.29.12.233275000 AM','DD-MON-RR HH.MI.SSXFF AM'),to_timestamp('09-DEC-17 06.29.12.233275000 AM','DD-MON-RR HH.MI.SSXFF AM'));
Insert into RUBY.ERP_EMPLOYEES (ID,CODE,BIRTHDATE,SALARY,TAX_CODE,PHONE,ADDRESS,CREATED_AT,UPDATED_AT) values (10198,'NS0001',to_timestamp('10-AUG-80 05.00.00.000000000 PM','DD-MON-RR HH.MI.SSXFF AM'),18000000,'1112223431','0985213345','Bình Chánh, TP. H? Chí Minh',to_timestamp('09-DEC-17 06.29.12.240114000 AM','DD-MON-RR HH.MI.SSXFF AM'),to_timestamp('09-DEC-17 06.29.12.240114000 AM','DD-MON-RR HH.MI.SSXFF AM'));
Insert into RUBY.ERP_EMPLOYEES (ID,CODE,BIRTHDATE,SALARY,TAX_CODE,PHONE,ADDRESS,CREATED_AT,UPDATED_AT) values (10199,'NS0002',to_timestamp('02-JUN-93 05.00.00.000000000 PM','DD-MON-RR HH.MI.SSXFF AM'),16000000,'1112223421','0985212233','Qu?n 1, TP. H? Chí Minh',to_timestamp('09-DEC-17 06.29.12.246173000 AM','DD-MON-RR HH.MI.SSXFF AM'),to_timestamp('09-DEC-17 06.29.12.246173000 AM','DD-MON-RR HH.MI.SSXFF AM'));
Insert into RUBY.ERP_EMPLOYEES (ID,CODE,BIRTHDATE,SALARY,TAX_CODE,PHONE,ADDRESS,CREATED_AT,UPDATED_AT) values (10200,'NS0003',to_timestamp('05-AUG-92 05.00.00.000000000 PM','DD-MON-RR HH.MI.SSXFF AM'),16000000,'1112223401','0985211153','Qu?n 1, TP. H? Chí Minh',to_timestamp('09-DEC-17 06.29.12.252314000 AM','DD-MON-RR HH.MI.SSXFF AM'),to_timestamp('09-DEC-17 06.29.12.252314000 AM','DD-MON-RR HH.MI.SSXFF AM'));
Insert into RUBY.ERP_EMPLOYEES (ID,CODE,BIRTHDATE,SALARY,TAX_CODE,PHONE,ADDRESS,CREATED_AT,UPDATED_AT) values (10201,'AC0001',to_timestamp('11-AUG-96 05.00.00.000000000 PM','DD-MON-RR HH.MI.SSXFF AM'),16000000,'1112223311','0987556511','Qu?n 2, TP. H? Chí Minh',to_timestamp('09-DEC-17 06.29.12.259596000 AM','DD-MON-RR HH.MI.SSXFF AM'),to_timestamp('09-DEC-17 06.29.12.259596000 AM','DD-MON-RR HH.MI.SSXFF AM'));
REM INSERTING into RUBY.ERP_USERS
SET DEFINE OFF;
Insert into RUBY.ERP_USERS (ID,EMAIL,ENCRYPTED_PASSWORD,RESET_PASSWORD_TOKEN,RESET_PASSWORD_SENT_AT,REMEMBER_CREATED_AT,SIGN_IN_COUNT,CURRENT_SIGN_IN_AT,LAST_SIGN_IN_AT,CURRENT_SIGN_IN_IP,LAST_SIGN_IN_IP,PROVIDER,"UID",BACKEND_ACCESS,NAME,AVATAR,TIMEZONE,ACTIVE,EMPLOYEE_ID,CREATOR_ID,USER_GROUP_ID,DEPARTMENT_ID,CREATED_AT,UPDATED_AT,CONFIRMATION_TOKEN,CONFIRMED_AT,CONFIRMATION_SENT_AT) values (10005,'kinhdoanh1@hcmut.edu.vn','$2a$11$nPIN3JFic4TIIdyRk1.GGOwx0HgyvrCPot4KTIgCgkqG7tPY2ZDKO',null,null,null,1,to_timestamp('09-DEC-17 06.56.19.589889000 AM','DD-MON-RR HH.MI.SSXFF AM'),to_timestamp('09-DEC-17 06.56.19.589889000 AM','DD-MON-RR HH.MI.SSXFF AM'),'127.0.0.1','127.0.0.1',null,null,1,'Nguy?n Thu Trang',null,null,1,10184,null,10061,10069,to_timestamp('09-DEC-17 06.08.47.671303000 AM','DD-MON-RR HH.MI.SSXFF AM'),to_timestamp('09-DEC-17 06.56.19.590581000 AM','DD-MON-RR HH.MI.SSXFF AM'),null,to_timestamp('08-DEC-17 06.08.47.497159000 AM','DD-MON-RR HH.MI.SSXFF AM'),null);
Insert into RUBY.ERP_USERS (ID,EMAIL,ENCRYPTED_PASSWORD,RESET_PASSWORD_TOKEN,RESET_PASSWORD_SENT_AT,REMEMBER_CREATED_AT,SIGN_IN_COUNT,CURRENT_SIGN_IN_AT,LAST_SIGN_IN_AT,CURRENT_SIGN_IN_IP,LAST_SIGN_IN_IP,PROVIDER,"UID",BACKEND_ACCESS,NAME,AVATAR,TIMEZONE,ACTIVE,EMPLOYEE_ID,CREATOR_ID,USER_GROUP_ID,DEPARTMENT_ID,CREATED_AT,UPDATED_AT,CONFIRMATION_TOKEN,CONFIRMED_AT,CONFIRMATION_SENT_AT) values (10006,'kinhdoanh2@hcmut.edu.vn','$2a$11$bl0cd5fyal8hMVyJOKc5Q.wRaRgcghQ5x0h1RaiV9hXoYzvvpjKJi',null,null,null,0,null,null,null,null,null,null,1,'Nguy?n V?n Lâm',null,null,1,10185,null,10061,10069,to_timestamp('09-DEC-17 06.08.47.856546000 AM','DD-MON-RR HH.MI.SSXFF AM'),to_timestamp('09-DEC-17 06.35.32.891108000 AM','DD-MON-RR HH.MI.SSXFF AM'),null,to_timestamp('08-DEC-17 06.08.47.685026000 AM','DD-MON-RR HH.MI.SSXFF AM'),null);
Insert into RUBY.ERP_USERS (ID,EMAIL,ENCRYPTED_PASSWORD,RESET_PASSWORD_TOKEN,RESET_PASSWORD_SENT_AT,REMEMBER_CREATED_AT,SIGN_IN_COUNT,CURRENT_SIGN_IN_AT,LAST_SIGN_IN_AT,CURRENT_SIGN_IN_IP,LAST_SIGN_IN_IP,PROVIDER,"UID",BACKEND_ACCESS,NAME,AVATAR,TIMEZONE,ACTIVE,EMPLOYEE_ID,CREATOR_ID,USER_GROUP_ID,DEPARTMENT_ID,CREATED_AT,UPDATED_AT,CONFIRMATION_TOKEN,CONFIRMED_AT,CONFIRMATION_SENT_AT) values (10007,'kinhdoanh3@hcmut.edu.vn','$2a$11$IhgjeO6GJrz11CNHpDqJD.40HdUuFz9rgJjmaQgQacRNA0tPnlAja',null,null,null,0,null,null,null,null,null,null,1,'Tr?n V?n Ti?n',null,null,1,10186,null,10061,10069,to_timestamp('09-DEC-17 06.08.48.068849000 AM','DD-MON-RR HH.MI.SSXFF AM'),to_timestamp('09-DEC-17 06.36.42.514270000 AM','DD-MON-RR HH.MI.SSXFF AM'),null,to_timestamp('08-DEC-17 06.08.47.896531000 AM','DD-MON-RR HH.MI.SSXFF AM'),null);
Insert into RUBY.ERP_USERS (ID,EMAIL,ENCRYPTED_PASSWORD,RESET_PASSWORD_TOKEN,RESET_PASSWORD_SENT_AT,REMEMBER_CREATED_AT,SIGN_IN_COUNT,CURRENT_SIGN_IN_AT,LAST_SIGN_IN_AT,CURRENT_SIGN_IN_IP,LAST_SIGN_IN_IP,PROVIDER,"UID",BACKEND_ACCESS,NAME,AVATAR,TIMEZONE,ACTIVE,EMPLOYEE_ID,CREATOR_ID,USER_GROUP_ID,DEPARTMENT_ID,CREATED_AT,UPDATED_AT,CONFIRMATION_TOKEN,CONFIRMED_AT,CONFIRMATION_SENT_AT) values (10008,'kinhdoanh4@hcmut.edu.vn','$2a$11$6mn7NJqEH.3zpasBLGfa0OyMrknsadR0tKchXhLZqWO67OVVasK/u',null,null,null,0,null,null,null,null,null,null,1,'Tr?n Hoàng S?n',null,null,1,10187,null,10061,10069,to_timestamp('09-DEC-17 06.08.48.247542000 AM','DD-MON-RR HH.MI.SSXFF AM'),to_timestamp('09-DEC-17 06.36.51.789916000 AM','DD-MON-RR HH.MI.SSXFF AM'),null,to_timestamp('08-DEC-17 06.08.48.074255000 AM','DD-MON-RR HH.MI.SSXFF AM'),null);
Insert into RUBY.ERP_USERS (ID,EMAIL,ENCRYPTED_PASSWORD,RESET_PASSWORD_TOKEN,RESET_PASSWORD_SENT_AT,REMEMBER_CREATED_AT,SIGN_IN_COUNT,CURRENT_SIGN_IN_AT,LAST_SIGN_IN_AT,CURRENT_SIGN_IN_IP,LAST_SIGN_IN_IP,PROVIDER,"UID",BACKEND_ACCESS,NAME,AVATAR,TIMEZONE,ACTIVE,EMPLOYEE_ID,CREATOR_ID,USER_GROUP_ID,DEPARTMENT_ID,CREATED_AT,UPDATED_AT,CONFIRMATION_TOKEN,CONFIRMED_AT,CONFIRMATION_SENT_AT) values (10009,'tpkinhdoanh@hcmut.edu.vn','$2a$11$LZVgJ/j.3F6YyVSDDmnhtOjPPu/IsHN2TeRCIG5FlOMRDC5qhTjFy',null,null,null,0,null,null,null,null,null,null,1,'Tr?n Hoàng S?n',null,null,1,10183,null,10062,10069,to_timestamp('09-DEC-17 06.08.48.457969000 AM','DD-MON-RR HH.MI.SSXFF AM'),to_timestamp('09-DEC-17 06.37.01.477856000 AM','DD-MON-RR HH.MI.SSXFF AM'),null,to_timestamp('08-DEC-17 06.08.48.285385000 AM','DD-MON-RR HH.MI.SSXFF AM'),null);
Insert into RUBY.ERP_USERS (ID,EMAIL,ENCRYPTED_PASSWORD,RESET_PASSWORD_TOKEN,RESET_PASSWORD_SENT_AT,REMEMBER_CREATED_AT,SIGN_IN_COUNT,CURRENT_SIGN_IN_AT,LAST_SIGN_IN_AT,CURRENT_SIGN_IN_IP,LAST_SIGN_IN_IP,PROVIDER,"UID",BACKEND_ACCESS,NAME,AVATAR,TIMEZONE,ACTIVE,EMPLOYEE_ID,CREATOR_ID,USER_GROUP_ID,DEPARTMENT_ID,CREATED_AT,UPDATED_AT,CONFIRMATION_TOKEN,CONFIRMED_AT,CONFIRMATION_SENT_AT) values (10010,'kythuat1@hcmut.edu.vn','$2a$11$obi5T61Qb6wnZQWZEfAw0evqa9WpnMPJ01.1NIymrq/1yjiCGl0ju',null,null,null,0,null,null,null,null,null,null,1,'Nguy?n Thu Vân',null,null,1,10189,null,10061,10070,to_timestamp('09-DEC-17 06.08.48.681026000 AM','DD-MON-RR HH.MI.SSXFF AM'),to_timestamp('09-DEC-17 06.40.06.650398000 AM','DD-MON-RR HH.MI.SSXFF AM'),null,to_timestamp('08-DEC-17 06.08.48.508112000 AM','DD-MON-RR HH.MI.SSXFF AM'),null);
Insert into RUBY.ERP_USERS (ID,EMAIL,ENCRYPTED_PASSWORD,RESET_PASSWORD_TOKEN,RESET_PASSWORD_SENT_AT,REMEMBER_CREATED_AT,SIGN_IN_COUNT,CURRENT_SIGN_IN_AT,LAST_SIGN_IN_AT,CURRENT_SIGN_IN_IP,LAST_SIGN_IN_IP,PROVIDER,"UID",BACKEND_ACCESS,NAME,AVATAR,TIMEZONE,ACTIVE,EMPLOYEE_ID,CREATOR_ID,USER_GROUP_ID,DEPARTMENT_ID,CREATED_AT,UPDATED_AT,CONFIRMATION_TOKEN,CONFIRMED_AT,CONFIRMATION_SENT_AT) values (10011,'kythuat2@hcmut.edu.vn','$2a$11$YrcRt//SJOQHs4ydb9VuyuVb9OyLKszFmM2z2fmxpQ5Tv6A4Lr9Om',null,null,null,0,null,null,null,null,null,null,1,'Nguy?n V?n Hoàng S?n',null,null,1,10190,null,10061,10070,to_timestamp('09-DEC-17 06.08.48.902576000 AM','DD-MON-RR HH.MI.SSXFF AM'),to_timestamp('09-DEC-17 06.40.16.917605000 AM','DD-MON-RR HH.MI.SSXFF AM'),null,to_timestamp('08-DEC-17 06.08.48.730054000 AM','DD-MON-RR HH.MI.SSXFF AM'),null);
Insert into RUBY.ERP_USERS (ID,EMAIL,ENCRYPTED_PASSWORD,RESET_PASSWORD_TOKEN,RESET_PASSWORD_SENT_AT,REMEMBER_CREATED_AT,SIGN_IN_COUNT,CURRENT_SIGN_IN_AT,LAST_SIGN_IN_AT,CURRENT_SIGN_IN_IP,LAST_SIGN_IN_IP,PROVIDER,"UID",BACKEND_ACCESS,NAME,AVATAR,TIMEZONE,ACTIVE,EMPLOYEE_ID,CREATOR_ID,USER_GROUP_ID,DEPARTMENT_ID,CREATED_AT,UPDATED_AT,CONFIRMATION_TOKEN,CONFIRMED_AT,CONFIRMATION_SENT_AT) values (10012,'kythuat3@hcmut.edu.vn','$2a$11$fBotsjRfHrHSIud.LvyQsOy1rHwpXP17SQ.dv6PV7PDgBVf1VRRhO',null,null,null,0,null,null,null,null,null,null,1,'Tr?n V?n Phong',null,null,1,10191,null,10061,10070,to_timestamp('09-DEC-17 06.08.49.080533000 AM','DD-MON-RR HH.MI.SSXFF AM'),to_timestamp('09-DEC-17 06.40.25.977679000 AM','DD-MON-RR HH.MI.SSXFF AM'),null,to_timestamp('08-DEC-17 06.08.48.907941000 AM','DD-MON-RR HH.MI.SSXFF AM'),null);
Insert into RUBY.ERP_USERS (ID,EMAIL,ENCRYPTED_PASSWORD,RESET_PASSWORD_TOKEN,RESET_PASSWORD_SENT_AT,REMEMBER_CREATED_AT,SIGN_IN_COUNT,CURRENT_SIGN_IN_AT,LAST_SIGN_IN_AT,CURRENT_SIGN_IN_IP,LAST_SIGN_IN_IP,PROVIDER,"UID",BACKEND_ACCESS,NAME,AVATAR,TIMEZONE,ACTIVE,EMPLOYEE_ID,CREATOR_ID,USER_GROUP_ID,DEPARTMENT_ID,CREATED_AT,UPDATED_AT,CONFIRMATION_TOKEN,CONFIRMED_AT,CONFIRMATION_SENT_AT) values (10013,'kythuat4@hcmut.edu.vn','$2a$11$Xy.hvAVWfMHFMpJdmyt/0uwa2QDmszhxqOgKbdUtHyO6mSWuJGSBy',null,null,null,0,null,null,null,null,null,null,1,'Tr?n Hoàng Minh',null,null,1,10192,null,10061,10070,to_timestamp('09-DEC-17 06.08.49.291771000 AM','DD-MON-RR HH.MI.SSXFF AM'),to_timestamp('09-DEC-17 06.40.35.556627000 AM','DD-MON-RR HH.MI.SSXFF AM'),null,to_timestamp('08-DEC-17 06.08.49.118783000 AM','DD-MON-RR HH.MI.SSXFF AM'),null);
Insert into RUBY.ERP_USERS (ID,EMAIL,ENCRYPTED_PASSWORD,RESET_PASSWORD_TOKEN,RESET_PASSWORD_SENT_AT,REMEMBER_CREATED_AT,SIGN_IN_COUNT,CURRENT_SIGN_IN_AT,LAST_SIGN_IN_AT,CURRENT_SIGN_IN_IP,LAST_SIGN_IN_IP,PROVIDER,"UID",BACKEND_ACCESS,NAME,AVATAR,TIMEZONE,ACTIVE,EMPLOYEE_ID,CREATOR_ID,USER_GROUP_ID,DEPARTMENT_ID,CREATED_AT,UPDATED_AT,CONFIRMATION_TOKEN,CONFIRMED_AT,CONFIRMATION_SENT_AT) values (10014,'tpkythuat@hcmut.edu.vn','$2a$11$phWGa44L3Z3yP3sboYftI.mt0LrgvBXCWf0eqopHSBPLj/Hhf/z4y',null,null,null,0,null,null,null,null,null,null,1,'Nguy?n Tôn Hùng',null,null,1,10188,null,10062,10070,to_timestamp('09-DEC-17 06.08.49.470232000 AM','DD-MON-RR HH.MI.SSXFF AM'),to_timestamp('09-DEC-17 06.40.41.969967000 AM','DD-MON-RR HH.MI.SSXFF AM'),null,to_timestamp('08-DEC-17 06.08.49.297526000 AM','DD-MON-RR HH.MI.SSXFF AM'),null);
Insert into RUBY.ERP_USERS (ID,EMAIL,ENCRYPTED_PASSWORD,RESET_PASSWORD_TOKEN,RESET_PASSWORD_SENT_AT,REMEMBER_CREATED_AT,SIGN_IN_COUNT,CURRENT_SIGN_IN_AT,LAST_SIGN_IN_AT,CURRENT_SIGN_IN_IP,LAST_SIGN_IN_IP,PROVIDER,"UID",BACKEND_ACCESS,NAME,AVATAR,TIMEZONE,ACTIVE,EMPLOYEE_ID,CREATOR_ID,USER_GROUP_ID,DEPARTMENT_ID,CREATED_AT,UPDATED_AT,CONFIRMATION_TOKEN,CONFIRMED_AT,CONFIRMATION_SENT_AT) values (10015,'kehoach1@hcmut.edu.vn','$2a$11$DWV5YFi06kmL.ApwhhE03OQX3HK1Sa8fgDwuYm9fTQ2jvUgqkIebS',null,null,null,0,null,null,null,null,null,null,1,'Nguy?n Thu Thanh',null,null,1,10194,null,10061,10071,to_timestamp('09-DEC-17 06.08.49.708108000 AM','DD-MON-RR HH.MI.SSXFF AM'),to_timestamp('09-DEC-17 06.42.50.397892000 AM','DD-MON-RR HH.MI.SSXFF AM'),null,to_timestamp('08-DEC-17 06.08.49.530320000 AM','DD-MON-RR HH.MI.SSXFF AM'),null);
Insert into RUBY.ERP_USERS (ID,EMAIL,ENCRYPTED_PASSWORD,RESET_PASSWORD_TOKEN,RESET_PASSWORD_SENT_AT,REMEMBER_CREATED_AT,SIGN_IN_COUNT,CURRENT_SIGN_IN_AT,LAST_SIGN_IN_AT,CURRENT_SIGN_IN_IP,LAST_SIGN_IN_IP,PROVIDER,"UID",BACKEND_ACCESS,NAME,AVATAR,TIMEZONE,ACTIVE,EMPLOYEE_ID,CREATOR_ID,USER_GROUP_ID,DEPARTMENT_ID,CREATED_AT,UPDATED_AT,CONFIRMATION_TOKEN,CONFIRMED_AT,CONFIRMATION_SENT_AT) values (10016,'tpkehoach@hcmut.edu.vn','$2a$11$cMmF5LzdaECWTychyGvleOYnQ0Y9GO20MF/5pMEzO0BV9/Mw7cmr.',null,null,null,0,null,null,null,null,null,null,1,'?? Quang Hòa',null,null,1,10193,null,10062,10071,to_timestamp('09-DEC-17 06.08.50.411270000 AM','DD-MON-RR HH.MI.SSXFF AM'),to_timestamp('09-DEC-17 06.43.00.265557000 AM','DD-MON-RR HH.MI.SSXFF AM'),null,to_timestamp('08-DEC-17 06.08.50.238349000 AM','DD-MON-RR HH.MI.SSXFF AM'),null);
Insert into RUBY.ERP_USERS (ID,EMAIL,ENCRYPTED_PASSWORD,RESET_PASSWORD_TOKEN,RESET_PASSWORD_SENT_AT,REMEMBER_CREATED_AT,SIGN_IN_COUNT,CURRENT_SIGN_IN_AT,LAST_SIGN_IN_AT,CURRENT_SIGN_IN_IP,LAST_SIGN_IN_IP,PROVIDER,"UID",BACKEND_ACCESS,NAME,AVATAR,TIMEZONE,ACTIVE,EMPLOYEE_ID,CREATOR_ID,USER_GROUP_ID,DEPARTMENT_ID,CREATED_AT,UPDATED_AT,CONFIRMATION_TOKEN,CONFIRMED_AT,CONFIRMATION_SENT_AT) values (10000,'1633645@hcmut.edu.vn','$2a$11$t2BIIgWw4aYaXZOVvVoSzOQsH28VRe6qtSG4Eu.z6qIMsvMqDLTjq',null,null,null,5,to_timestamp('09-DEC-17 06.57.35.594972000 AM','DD-MON-RR HH.MI.SSXFF AM'),to_timestamp('09-DEC-17 06.48.18.244846000 AM','DD-MON-RR HH.MI.SSXFF AM'),'127.0.0.1','127.0.0.1',null,null,1,'Nguy?n Ng?c S?n',null,null,1,10182,null,10060,10068,to_timestamp('09-DEC-17 05.29.21.036575000 AM','DD-MON-RR HH.MI.SSXFF AM'),to_timestamp('09-DEC-17 06.57.35.595708000 AM','DD-MON-RR HH.MI.SSXFF AM'),null,to_timestamp('08-DEC-17 05.29.20.445558000 AM','DD-MON-RR HH.MI.SSXFF AM'),null);
Insert into RUBY.ERP_USERS (ID,EMAIL,ENCRYPTED_PASSWORD,RESET_PASSWORD_TOKEN,RESET_PASSWORD_SENT_AT,REMEMBER_CREATED_AT,SIGN_IN_COUNT,CURRENT_SIGN_IN_AT,LAST_SIGN_IN_AT,CURRENT_SIGN_IN_IP,LAST_SIGN_IN_IP,PROVIDER,"UID",BACKEND_ACCESS,NAME,AVATAR,TIMEZONE,ACTIVE,EMPLOYEE_ID,CREATOR_ID,USER_GROUP_ID,DEPARTMENT_ID,CREATED_AT,UPDATED_AT,CONFIRMATION_TOKEN,CONFIRMED_AT,CONFIRMATION_SENT_AT) values (10001,'ketoan@hcmut.edu.vn','$2a$11$cUD3xRbDf5ADYxHi52724uIGyP60cacDE9Bi1lR9tPi0Dnff9ynBu',null,null,null,1,to_timestamp('09-DEC-17 06.44.22.201591000 AM','DD-MON-RR HH.MI.SSXFF AM'),to_timestamp('09-DEC-17 06.44.22.201591000 AM','DD-MON-RR HH.MI.SSXFF AM'),'127.0.0.1','127.0.0.1',null,null,1,'Nguy?n Th? Thu Trang',null,null,1,10201,null,10065,10073,to_timestamp('09-DEC-17 05.29.21.457385000 AM','DD-MON-RR HH.MI.SSXFF AM'),to_timestamp('09-DEC-17 06.44.22.202340000 AM','DD-MON-RR HH.MI.SSXFF AM'),null,to_timestamp('08-DEC-17 05.29.21.284055000 AM','DD-MON-RR HH.MI.SSXFF AM'),null);
Insert into RUBY.ERP_USERS (ID,EMAIL,ENCRYPTED_PASSWORD,RESET_PASSWORD_TOKEN,RESET_PASSWORD_SENT_AT,REMEMBER_CREATED_AT,SIGN_IN_COUNT,CURRENT_SIGN_IN_AT,LAST_SIGN_IN_AT,CURRENT_SIGN_IN_IP,LAST_SIGN_IN_IP,PROVIDER,"UID",BACKEND_ACCESS,NAME,AVATAR,TIMEZONE,ACTIVE,EMPLOYEE_ID,CREATOR_ID,USER_GROUP_ID,DEPARTMENT_ID,CREATED_AT,UPDATED_AT,CONFIRMATION_TOKEN,CONFIRMED_AT,CONFIRMATION_SENT_AT) values (10002,'nhansu1@hcmut.edu.vn','$2a$11$VCAEAcYl1QKJckm8sn61POZaGFyNP4nwz8s9hKVxTHRK2mGrkmjju',null,null,null,5,to_timestamp('09-DEC-17 06.57.24.911374000 AM','DD-MON-RR HH.MI.SSXFF AM'),to_timestamp('09-DEC-17 06.55.19.846617000 AM','DD-MON-RR HH.MI.SSXFF AM'),'127.0.0.1','127.0.0.1',null,null,1,'Nguy?n Thanh H?ng',null,null,1,10199,null,10063,10072,to_timestamp('09-DEC-17 05.29.21.637962000 AM','DD-MON-RR HH.MI.SSXFF AM'),to_timestamp('09-DEC-17 06.57.24.912147000 AM','DD-MON-RR HH.MI.SSXFF AM'),null,to_timestamp('08-DEC-17 05.29.21.464354000 AM','DD-MON-RR HH.MI.SSXFF AM'),null);
Insert into RUBY.ERP_USERS (ID,EMAIL,ENCRYPTED_PASSWORD,RESET_PASSWORD_TOKEN,RESET_PASSWORD_SENT_AT,REMEMBER_CREATED_AT,SIGN_IN_COUNT,CURRENT_SIGN_IN_AT,LAST_SIGN_IN_AT,CURRENT_SIGN_IN_IP,LAST_SIGN_IN_IP,PROVIDER,"UID",BACKEND_ACCESS,NAME,AVATAR,TIMEZONE,ACTIVE,EMPLOYEE_ID,CREATOR_ID,USER_GROUP_ID,DEPARTMENT_ID,CREATED_AT,UPDATED_AT,CONFIRMATION_TOKEN,CONFIRMED_AT,CONFIRMATION_SENT_AT) values (10003,'nhansu2@hcmut.edu.vn','$2a$11$rSnjjA/W205..GyWSnMWEemxqYDMReHI6DlX.G5Wqyc5w91.lCtjK',null,null,null,0,null,null,null,null,null,null,1,'Tr?n V?n Long',null,null,1,10200,null,10063,10072,to_timestamp('09-DEC-17 05.29.21.847591000 AM','DD-MON-RR HH.MI.SSXFF AM'),to_timestamp('09-DEC-17 06.34.17.873113000 AM','DD-MON-RR HH.MI.SSXFF AM'),null,to_timestamp('08-DEC-17 05.29.21.670409000 AM','DD-MON-RR HH.MI.SSXFF AM'),null);
Insert into RUBY.ERP_USERS (ID,EMAIL,ENCRYPTED_PASSWORD,RESET_PASSWORD_TOKEN,RESET_PASSWORD_SENT_AT,REMEMBER_CREATED_AT,SIGN_IN_COUNT,CURRENT_SIGN_IN_AT,LAST_SIGN_IN_AT,CURRENT_SIGN_IN_IP,LAST_SIGN_IN_IP,PROVIDER,"UID",BACKEND_ACCESS,NAME,AVATAR,TIMEZONE,ACTIVE,EMPLOYEE_ID,CREATOR_ID,USER_GROUP_ID,DEPARTMENT_ID,CREATED_AT,UPDATED_AT,CONFIRMATION_TOKEN,CONFIRMED_AT,CONFIRMATION_SENT_AT) values (10004,'tpnhansu@hcmut.edu.vn','$2a$11$GIVOuvwrBQyivhisXM7/PuGqSttW7PHKqz/Nvo2g5.ClLzq0Tk5Im',null,null,null,3,to_timestamp('09-DEC-17 06.57.01.429384000 AM','DD-MON-RR HH.MI.SSXFF AM'),to_timestamp('09-DEC-17 06.56.54.696309000 AM','DD-MON-RR HH.MI.SSXFF AM'),'127.0.0.1','127.0.0.1',null,null,1,'Tr?n V?n M?nh',null,null,1,10198,null,10064,10072,to_timestamp('09-DEC-17 05.29.22.064588000 AM','DD-MON-RR HH.MI.SSXFF AM'),to_timestamp('09-DEC-17 06.57.01.430128000 AM','DD-MON-RR HH.MI.SSXFF AM'),null,to_timestamp('08-DEC-17 05.29.21.892653000 AM','DD-MON-RR HH.MI.SSXFF AM'),null);
REM INSERTING into RUBY.ERP_USER_GROUPS
SET DEFINE OFF;
Insert into RUBY.ERP_USER_GROUPS (ID,NAME,CREATED_AT,UPDATED_AT) values (10060,'Tr??ng phòng qu?n lý',to_timestamp('09-DEC-17 06.29.12.060822000 AM','DD-MON-RR HH.MI.SSXFF AM'),to_timestamp('09-DEC-17 06.52.35.161931000 AM','DD-MON-RR HH.MI.SSXFF AM'));
Insert into RUBY.ERP_USER_GROUPS (ID,NAME,CREATED_AT,UPDATED_AT) values (10061,'Nhân viên',to_timestamp('09-DEC-17 06.29.12.069310000 AM','DD-MON-RR HH.MI.SSXFF AM'),to_timestamp('09-DEC-17 06.53.51.564031000 AM','DD-MON-RR HH.MI.SSXFF AM'));
Insert into RUBY.ERP_USER_GROUPS (ID,NAME,CREATED_AT,UPDATED_AT) values (10062,'Tr??ng phòng',to_timestamp('09-DEC-17 06.29.12.075210000 AM','DD-MON-RR HH.MI.SSXFF AM'),to_timestamp('09-DEC-17 06.53.57.944879000 AM','DD-MON-RR HH.MI.SSXFF AM'));
Insert into RUBY.ERP_USER_GROUPS (ID,NAME,CREATED_AT,UPDATED_AT) values (10063,'Nhân viên phòng nhân s?',to_timestamp('09-DEC-17 06.29.12.082070000 AM','DD-MON-RR HH.MI.SSXFF AM'),to_timestamp('09-DEC-17 06.54.09.604011000 AM','DD-MON-RR HH.MI.SSXFF AM'));
Insert into RUBY.ERP_USER_GROUPS (ID,NAME,CREATED_AT,UPDATED_AT) values (10064,'Tr??ng phòng nhân s?',to_timestamp('09-DEC-17 06.29.12.087782000 AM','DD-MON-RR HH.MI.SSXFF AM'),to_timestamp('09-DEC-17 06.54.16.934377000 AM','DD-MON-RR HH.MI.SSXFF AM'));
Insert into RUBY.ERP_USER_GROUPS (ID,NAME,CREATED_AT,UPDATED_AT) values (10065,'Tr??ng phòng k? toán',to_timestamp('09-DEC-17 06.29.12.092471000 AM','DD-MON-RR HH.MI.SSXFF AM'),to_timestamp('09-DEC-17 06.54.22.759468000 AM','DD-MON-RR HH.MI.SSXFF AM'));
REM INSERTING into RUBY.SCHEMA_MIGRATIONS
SET DEFINE OFF;
Insert into RUBY.SCHEMA_MIGRATIONS (VERSION) values ('20161123090102');
Insert into RUBY.SCHEMA_MIGRATIONS (VERSION) values ('20170313021641');
Insert into RUBY.SCHEMA_MIGRATIONS (VERSION) values ('20170503020426');
Insert into RUBY.SCHEMA_MIGRATIONS (VERSION) values ('20171114165927');
Insert into RUBY.SCHEMA_MIGRATIONS (VERSION) values ('20171207111322');
Insert into RUBY.SCHEMA_MIGRATIONS (VERSION) values ('20171208132054');
--------------------------------------------------------
--  DDL for Index INDEX_ERP_USERS_ON_CREATOR_ID
--------------------------------------------------------

  CREATE INDEX "RUBY"."INDEX_ERP_USERS_ON_CREATOR_ID" ON "RUBY"."ERP_USERS" ("CREATOR_ID") 
  PCTFREE 10 INITRANS 2 MAXTRANS 255 COMPUTE STATISTICS 
  STORAGE(INITIAL 65536 NEXT 1048576 MINEXTENTS 1 MAXEXTENTS 2147483645
  PCTINCREASE 0 FREELISTS 1 FREELIST GROUPS 1
  BUFFER_POOL DEFAULT FLASH_CACHE DEFAULT CELL_FLASH_CACHE DEFAULT)
  TABLESPACE "USERS" ;
--------------------------------------------------------
--  DDL for Index INDEX_ERP_USERS_ON_EMAIL
--------------------------------------------------------

  CREATE UNIQUE INDEX "RUBY"."INDEX_ERP_USERS_ON_EMAIL" ON "RUBY"."ERP_USERS" ("EMAIL") 
  PCTFREE 10 INITRANS 2 MAXTRANS 255 COMPUTE STATISTICS 
  STORAGE(INITIAL 65536 NEXT 1048576 MINEXTENTS 1 MAXEXTENTS 2147483645
  PCTINCREASE 0 FREELISTS 1 FREELIST GROUPS 1
  BUFFER_POOL DEFAULT FLASH_CACHE DEFAULT CELL_FLASH_CACHE DEFAULT)
  TABLESPACE "USERS" ;
--------------------------------------------------------
--  DDL for Index INDEX_ERP_USERS_ON_EMPLOYEE_ID
--------------------------------------------------------

  CREATE INDEX "RUBY"."INDEX_ERP_USERS_ON_EMPLOYEE_ID" ON "RUBY"."ERP_USERS" ("EMPLOYEE_ID") 
  PCTFREE 10 INITRANS 2 MAXTRANS 255 COMPUTE STATISTICS 
  STORAGE(INITIAL 65536 NEXT 1048576 MINEXTENTS 1 MAXEXTENTS 2147483645
  PCTINCREASE 0 FREELISTS 1 FREELIST GROUPS 1
  BUFFER_POOL DEFAULT FLASH_CACHE DEFAULT CELL_FLASH_CACHE DEFAULT)
  TABLESPACE "USERS" ;
--------------------------------------------------------
--  DDL for Index I_ERP_DEPARTMENTS_MANAGER_ID
--------------------------------------------------------

  CREATE INDEX "RUBY"."I_ERP_DEPARTMENTS_MANAGER_ID" ON "RUBY"."ERP_DEPARTMENTS" ("MANAGER_ID") 
  PCTFREE 10 INITRANS 2 MAXTRANS 255 COMPUTE STATISTICS 
  STORAGE(INITIAL 65536 NEXT 1048576 MINEXTENTS 1 MAXEXTENTS 2147483645
  PCTINCREASE 0 FREELISTS 1 FREELIST GROUPS 1
  BUFFER_POOL DEFAULT FLASH_CACHE DEFAULT CELL_FLASH_CACHE DEFAULT)
  TABLESPACE "USERS" ;
--------------------------------------------------------
--  DDL for Index I_ERP_USERS_CONFIRMATION_TOKEN
--------------------------------------------------------

  CREATE UNIQUE INDEX "RUBY"."I_ERP_USERS_CONFIRMATION_TOKEN" ON "RUBY"."ERP_USERS" ("CONFIRMATION_TOKEN") 
  PCTFREE 10 INITRANS 2 MAXTRANS 255 COMPUTE STATISTICS 
  STORAGE(INITIAL 65536 NEXT 1048576 MINEXTENTS 1 MAXEXTENTS 2147483645
  PCTINCREASE 0 FREELISTS 1 FREELIST GROUPS 1
  BUFFER_POOL DEFAULT FLASH_CACHE DEFAULT CELL_FLASH_CACHE DEFAULT)
  TABLESPACE "USERS" ;
--------------------------------------------------------
--  DDL for Index I_ERP_USERS_DEPARTMENT_ID
--------------------------------------------------------

  CREATE INDEX "RUBY"."I_ERP_USERS_DEPARTMENT_ID" ON "RUBY"."ERP_USERS" ("DEPARTMENT_ID") 
  PCTFREE 10 INITRANS 2 MAXTRANS 255 COMPUTE STATISTICS 
  STORAGE(INITIAL 65536 NEXT 1048576 MINEXTENTS 1 MAXEXTENTS 2147483645
  PCTINCREASE 0 FREELISTS 1 FREELIST GROUPS 1
  BUFFER_POOL DEFAULT FLASH_CACHE DEFAULT CELL_FLASH_CACHE DEFAULT)
  TABLESPACE "USERS" ;
--------------------------------------------------------
--  DDL for Index I_ERP_USERS_USER_GROUP_ID
--------------------------------------------------------

  CREATE INDEX "RUBY"."I_ERP_USERS_USER_GROUP_ID" ON "RUBY"."ERP_USERS" ("USER_GROUP_ID") 
  PCTFREE 10 INITRANS 2 MAXTRANS 255 COMPUTE STATISTICS 
  STORAGE(INITIAL 65536 NEXT 1048576 MINEXTENTS 1 MAXEXTENTS 2147483645
  PCTINCREASE 0 FREELISTS 1 FREELIST GROUPS 1
  BUFFER_POOL DEFAULT FLASH_CACHE DEFAULT CELL_FLASH_CACHE DEFAULT)
  TABLESPACE "USERS" ;
--------------------------------------------------------
--  DDL for Index I_ERP_USE_RES_PAS_TOK
--------------------------------------------------------

  CREATE UNIQUE INDEX "RUBY"."I_ERP_USE_RES_PAS_TOK" ON "RUBY"."ERP_USERS" ("RESET_PASSWORD_TOKEN") 
  PCTFREE 10 INITRANS 2 MAXTRANS 255 COMPUTE STATISTICS 
  STORAGE(INITIAL 65536 NEXT 1048576 MINEXTENTS 1 MAXEXTENTS 2147483645
  PCTINCREASE 0 FREELISTS 1 FREELIST GROUPS 1
  BUFFER_POOL DEFAULT FLASH_CACHE DEFAULT CELL_FLASH_CACHE DEFAULT)
  TABLESPACE "USERS" ;
--------------------------------------------------------
--  DDL for Index SYS_C007721
--------------------------------------------------------

  CREATE UNIQUE INDEX "RUBY"."SYS_C007721" ON "RUBY"."SCHEMA_MIGRATIONS" ("VERSION") 
  PCTFREE 10 INITRANS 2 MAXTRANS 255 COMPUTE STATISTICS 
  STORAGE(INITIAL 65536 NEXT 1048576 MINEXTENTS 1 MAXEXTENTS 2147483645
  PCTINCREASE 0 FREELISTS 1 FREELIST GROUPS 1
  BUFFER_POOL DEFAULT FLASH_CACHE DEFAULT CELL_FLASH_CACHE DEFAULT)
  TABLESPACE "USERS" ;
--------------------------------------------------------
--  DDL for Index SYS_C007725
--------------------------------------------------------

  CREATE UNIQUE INDEX "RUBY"."SYS_C007725" ON "RUBY"."AR_INTERNAL_METADATA" ("KEY") 
  PCTFREE 10 INITRANS 2 MAXTRANS 255 COMPUTE STATISTICS 
  STORAGE(INITIAL 65536 NEXT 1048576 MINEXTENTS 1 MAXEXTENTS 2147483645
  PCTINCREASE 0 FREELISTS 1 FREELIST GROUPS 1
  BUFFER_POOL DEFAULT FLASH_CACHE DEFAULT CELL_FLASH_CACHE DEFAULT)
  TABLESPACE "USERS" ;
--------------------------------------------------------
--  DDL for Index SYS_C007732
--------------------------------------------------------

  CREATE UNIQUE INDEX "RUBY"."SYS_C007732" ON "RUBY"."ERP_USERS" ("ID") 
  PCTFREE 10 INITRANS 2 MAXTRANS 255 COMPUTE STATISTICS 
  STORAGE(INITIAL 65536 NEXT 1048576 MINEXTENTS 1 MAXEXTENTS 2147483645
  PCTINCREASE 0 FREELISTS 1 FREELIST GROUPS 1
  BUFFER_POOL DEFAULT FLASH_CACHE DEFAULT CELL_FLASH_CACHE DEFAULT)
  TABLESPACE "USERS" ;
--------------------------------------------------------
--  DDL for Index SYS_C007738
--------------------------------------------------------

  CREATE UNIQUE INDEX "RUBY"."SYS_C007738" ON "RUBY"."ERP_EDITOR_UPLOADS" ("ID") 
  PCTFREE 10 INITRANS 2 MAXTRANS 255 COMPUTE STATISTICS 
  TABLESPACE "USERS" ;
--------------------------------------------------------
--  DDL for Index SYS_C007743
--------------------------------------------------------

  CREATE UNIQUE INDEX "RUBY"."SYS_C007743" ON "RUBY"."ERP_USER_GROUPS" ("ID") 
  PCTFREE 10 INITRANS 2 MAXTRANS 255 COMPUTE STATISTICS 
  STORAGE(INITIAL 65536 NEXT 1048576 MINEXTENTS 1 MAXEXTENTS 2147483645
  PCTINCREASE 0 FREELISTS 1 FREELIST GROUPS 1
  BUFFER_POOL DEFAULT FLASH_CACHE DEFAULT CELL_FLASH_CACHE DEFAULT)
  TABLESPACE "USERS" ;
--------------------------------------------------------
--  DDL for Index SYS_C007747
--------------------------------------------------------

  CREATE UNIQUE INDEX "RUBY"."SYS_C007747" ON "RUBY"."ERP_EMPLOYEES" ("ID") 
  PCTFREE 10 INITRANS 2 MAXTRANS 255 COMPUTE STATISTICS 
  STORAGE(INITIAL 65536 NEXT 1048576 MINEXTENTS 1 MAXEXTENTS 2147483645
  PCTINCREASE 0 FREELISTS 1 FREELIST GROUPS 1
  BUFFER_POOL DEFAULT FLASH_CACHE DEFAULT CELL_FLASH_CACHE DEFAULT)
  TABLESPACE "USERS" ;
--------------------------------------------------------
--  DDL for Index SYS_C007751
--------------------------------------------------------

  CREATE UNIQUE INDEX "RUBY"."SYS_C007751" ON "RUBY"."ERP_DEPARTMENTS" ("ID") 
  PCTFREE 10 INITRANS 2 MAXTRANS 255 COMPUTE STATISTICS 
  STORAGE(INITIAL 65536 NEXT 1048576 MINEXTENTS 1 MAXEXTENTS 2147483645
  PCTINCREASE 0 FREELISTS 1 FREELIST GROUPS 1
  BUFFER_POOL DEFAULT FLASH_CACHE DEFAULT CELL_FLASH_CACHE DEFAULT)
  TABLESPACE "USERS" ;
--------------------------------------------------------
--  Constraints for Table AR_INTERNAL_METADATA
--------------------------------------------------------

  ALTER TABLE "RUBY"."AR_INTERNAL_METADATA" MODIFY ("KEY" NOT NULL ENABLE);
  ALTER TABLE "RUBY"."AR_INTERNAL_METADATA" MODIFY ("CREATED_AT" NOT NULL ENABLE);
  ALTER TABLE "RUBY"."AR_INTERNAL_METADATA" MODIFY ("UPDATED_AT" NOT NULL ENABLE);
  ALTER TABLE "RUBY"."AR_INTERNAL_METADATA" ADD PRIMARY KEY ("KEY")
  USING INDEX PCTFREE 10 INITRANS 2 MAXTRANS 255 COMPUTE STATISTICS 
  STORAGE(INITIAL 65536 NEXT 1048576 MINEXTENTS 1 MAXEXTENTS 2147483645
  PCTINCREASE 0 FREELISTS 1 FREELIST GROUPS 1
  BUFFER_POOL DEFAULT FLASH_CACHE DEFAULT CELL_FLASH_CACHE DEFAULT)
  TABLESPACE "USERS"  ENABLE;
--------------------------------------------------------
--  Constraints for Table ERP_DEPARTMENTS
--------------------------------------------------------

  ALTER TABLE "RUBY"."ERP_DEPARTMENTS" MODIFY ("ID" NOT NULL ENABLE);
  ALTER TABLE "RUBY"."ERP_DEPARTMENTS" MODIFY ("CREATED_AT" NOT NULL ENABLE);
  ALTER TABLE "RUBY"."ERP_DEPARTMENTS" MODIFY ("UPDATED_AT" NOT NULL ENABLE);
  ALTER TABLE "RUBY"."ERP_DEPARTMENTS" ADD PRIMARY KEY ("ID")
  USING INDEX PCTFREE 10 INITRANS 2 MAXTRANS 255 COMPUTE STATISTICS 
  STORAGE(INITIAL 65536 NEXT 1048576 MINEXTENTS 1 MAXEXTENTS 2147483645
  PCTINCREASE 0 FREELISTS 1 FREELIST GROUPS 1
  BUFFER_POOL DEFAULT FLASH_CACHE DEFAULT CELL_FLASH_CACHE DEFAULT)
  TABLESPACE "USERS"  ENABLE;
--------------------------------------------------------
--  Constraints for Table ERP_EDITOR_UPLOADS
--------------------------------------------------------

  ALTER TABLE "RUBY"."ERP_EDITOR_UPLOADS" MODIFY ("ID" NOT NULL ENABLE);
  ALTER TABLE "RUBY"."ERP_EDITOR_UPLOADS" MODIFY ("CREATED_AT" NOT NULL ENABLE);
  ALTER TABLE "RUBY"."ERP_EDITOR_UPLOADS" MODIFY ("UPDATED_AT" NOT NULL ENABLE);
  ALTER TABLE "RUBY"."ERP_EDITOR_UPLOADS" ADD PRIMARY KEY ("ID")
  USING INDEX PCTFREE 10 INITRANS 2 MAXTRANS 255 COMPUTE STATISTICS 
  TABLESPACE "USERS"  ENABLE;
--------------------------------------------------------
--  Constraints for Table ERP_EMPLOYEES
--------------------------------------------------------

  ALTER TABLE "RUBY"."ERP_EMPLOYEES" MODIFY ("ID" NOT NULL ENABLE);
  ALTER TABLE "RUBY"."ERP_EMPLOYEES" MODIFY ("CREATED_AT" NOT NULL ENABLE);
  ALTER TABLE "RUBY"."ERP_EMPLOYEES" MODIFY ("UPDATED_AT" NOT NULL ENABLE);
  ALTER TABLE "RUBY"."ERP_EMPLOYEES" ADD PRIMARY KEY ("ID")
  USING INDEX PCTFREE 10 INITRANS 2 MAXTRANS 255 COMPUTE STATISTICS 
  STORAGE(INITIAL 65536 NEXT 1048576 MINEXTENTS 1 MAXEXTENTS 2147483645
  PCTINCREASE 0 FREELISTS 1 FREELIST GROUPS 1
  BUFFER_POOL DEFAULT FLASH_CACHE DEFAULT CELL_FLASH_CACHE DEFAULT)
  TABLESPACE "USERS"  ENABLE;
--------------------------------------------------------
--  Constraints for Table ERP_USERS
--------------------------------------------------------

  ALTER TABLE "RUBY"."ERP_USERS" MODIFY ("ID" NOT NULL ENABLE);
  ALTER TABLE "RUBY"."ERP_USERS" MODIFY ("EMAIL" NOT NULL ENABLE);
  ALTER TABLE "RUBY"."ERP_USERS" MODIFY ("ENCRYPTED_PASSWORD" NOT NULL ENABLE);
  ALTER TABLE "RUBY"."ERP_USERS" MODIFY ("SIGN_IN_COUNT" NOT NULL ENABLE);
  ALTER TABLE "RUBY"."ERP_USERS" MODIFY ("CREATED_AT" NOT NULL ENABLE);
  ALTER TABLE "RUBY"."ERP_USERS" MODIFY ("UPDATED_AT" NOT NULL ENABLE);
  ALTER TABLE "RUBY"."ERP_USERS" ADD PRIMARY KEY ("ID")
  USING INDEX PCTFREE 10 INITRANS 2 MAXTRANS 255 COMPUTE STATISTICS 
  STORAGE(INITIAL 65536 NEXT 1048576 MINEXTENTS 1 MAXEXTENTS 2147483645
  PCTINCREASE 0 FREELISTS 1 FREELIST GROUPS 1
  BUFFER_POOL DEFAULT FLASH_CACHE DEFAULT CELL_FLASH_CACHE DEFAULT)
  TABLESPACE "USERS"  ENABLE;
  ALTER TABLE "RUBY"."ERP_USERS" ADD CONSTRAINT "INDEX_ERP_USERS_ON_EMAIL" UNIQUE ("EMAIL")
  USING INDEX PCTFREE 10 INITRANS 2 MAXTRANS 255 COMPUTE STATISTICS 
  STORAGE(INITIAL 65536 NEXT 1048576 MINEXTENTS 1 MAXEXTENTS 2147483645
  PCTINCREASE 0 FREELISTS 1 FREELIST GROUPS 1
  BUFFER_POOL DEFAULT FLASH_CACHE DEFAULT CELL_FLASH_CACHE DEFAULT)
  TABLESPACE "USERS"  ENABLE;
  ALTER TABLE "RUBY"."ERP_USERS" ADD CONSTRAINT "I_ERP_USE_RES_PAS_TOK" UNIQUE ("RESET_PASSWORD_TOKEN")
  USING INDEX PCTFREE 10 INITRANS 2 MAXTRANS 255 COMPUTE STATISTICS 
  STORAGE(INITIAL 65536 NEXT 1048576 MINEXTENTS 1 MAXEXTENTS 2147483645
  PCTINCREASE 0 FREELISTS 1 FREELIST GROUPS 1
  BUFFER_POOL DEFAULT FLASH_CACHE DEFAULT CELL_FLASH_CACHE DEFAULT)
  TABLESPACE "USERS"  ENABLE;
  ALTER TABLE "RUBY"."ERP_USERS" ADD CONSTRAINT "I_ERP_USERS_CONFIRMATION_TOKEN" UNIQUE ("CONFIRMATION_TOKEN")
  USING INDEX PCTFREE 10 INITRANS 2 MAXTRANS 255 COMPUTE STATISTICS 
  STORAGE(INITIAL 65536 NEXT 1048576 MINEXTENTS 1 MAXEXTENTS 2147483645
  PCTINCREASE 0 FREELISTS 1 FREELIST GROUPS 1
  BUFFER_POOL DEFAULT FLASH_CACHE DEFAULT CELL_FLASH_CACHE DEFAULT)
  TABLESPACE "USERS"  ENABLE;
--------------------------------------------------------
--  Constraints for Table ERP_USER_GROUPS
--------------------------------------------------------

  ALTER TABLE "RUBY"."ERP_USER_GROUPS" MODIFY ("ID" NOT NULL ENABLE);
  ALTER TABLE "RUBY"."ERP_USER_GROUPS" MODIFY ("CREATED_AT" NOT NULL ENABLE);
  ALTER TABLE "RUBY"."ERP_USER_GROUPS" MODIFY ("UPDATED_AT" NOT NULL ENABLE);
  ALTER TABLE "RUBY"."ERP_USER_GROUPS" ADD PRIMARY KEY ("ID")
  USING INDEX PCTFREE 10 INITRANS 2 MAXTRANS 255 COMPUTE STATISTICS 
  STORAGE(INITIAL 65536 NEXT 1048576 MINEXTENTS 1 MAXEXTENTS 2147483645
  PCTINCREASE 0 FREELISTS 1 FREELIST GROUPS 1
  BUFFER_POOL DEFAULT FLASH_CACHE DEFAULT CELL_FLASH_CACHE DEFAULT)
  TABLESPACE "USERS"  ENABLE;
--------------------------------------------------------
--  Constraints for Table SCHEMA_MIGRATIONS
--------------------------------------------------------

  ALTER TABLE "RUBY"."SCHEMA_MIGRATIONS" MODIFY ("VERSION" NOT NULL ENABLE);
  ALTER TABLE "RUBY"."SCHEMA_MIGRATIONS" ADD PRIMARY KEY ("VERSION")
  USING INDEX PCTFREE 10 INITRANS 2 MAXTRANS 255 COMPUTE STATISTICS 
  STORAGE(INITIAL 65536 NEXT 1048576 MINEXTENTS 1 MAXEXTENTS 2147483645
  PCTINCREASE 0 FREELISTS 1 FREELIST GROUPS 1
  BUFFER_POOL DEFAULT FLASH_CACHE DEFAULT CELL_FLASH_CACHE DEFAULT)
  TABLESPACE "USERS"  ENABLE;
